{"cameraMode":{"drawMode":0,"name":"Shaded","section":"Shading Mode"},"sceneLighting":false,"audioPlay":false,"sceneViewState":{"m_AlwaysRefresh":false,"showFog":true,"showSkybox":false,"showFlares":true,"showImageEffects":true,"showParticleSystems":true,"showVisualEffectGraphs":true,"m_FxEnabled":true},"in2DMode":false,"pivot":{"x":0.09113937616348267,"y":0.03459620475769043,"z":0.5815331339836121},"rotation":{"x":-0.3207758665084839,"y":0.4749840497970581,"z":-0.19140806794166566,"w":-0.796829342842102},"size":0.738865315914154,"orthographic":false}